{"cameraMode":{"drawMode":0,"name":"Shaded","section":"Shading Mode"},"sceneLighting":true,"audioPlay":false,"sceneViewState":{"showFog":true,"showMaterialUpdate":false,"showSkybox":true,"showFlares":true,"showImageEffects":true,"showParticleSystems":true},"in2DMode":false,"pivot":{"x":-1.2385168075561524,"y":-9.673311233520508,"z":65.51321411132813},"rotation":{"x":0.08681119978427887,"y":-0.09400622546672821,"z":0.008228480815887452,"w":0.9917454123497009},"size":70.8022689819336,"orthographic":false}